{
    "p1" : {

        "title" : "Port title 1",
        "content" : "hey this is my first post" ,
        "image" : "img/portfolio/B-accounting-imac-website-design.jpg",
        "link" : "#" ,
        "category" : "filter-app" 

    } ,
    "p2" : {

        "title" : "Port title 2",
        "content" : "hey this is my first post" ,
        "image" : "img/portfolio/B-accounting-mobile-website-design-iphone_.jpg",
        "link" : "#" ,
        "category" : "filter-design" 

    } ,
    "p3" : {

        "title" : "Port title 3",
        "content" : "hey this is my first post" ,
        "image" : "img/portfolio/Base-Solar-Computer-Website-Design.jpg",
        "link" : "#" ,
        "category" : "filter-app" 


    } ,
    "p4" : {

        "title" : "Port title 4",
        "content" : "hey this is my first post" ,
        "image" : "img/portfolio/Base-Solar-MacBook-Website-Design.jpg",
        "link" : "#" ,
        "category" : "filter-design" 

    } 
     ,
    "p5" : {

        "title" : "Port title 5",
        "content" : "hey this is my first post" ,
        "image" : "img/portfolio/Base-Solar-Website-Iphone-Black.jpg",
        "link" : "#" ,
        "category" : "filter-app" 

    } 

     ,
    "p6" : {

        "title" : "Port title 6",
        "content" : "hey this is my first post" ,
        "image" : "img/portfolio/Intega-websitesite-design-tablet.jpg",
        "link" : "#" ,
        "category" : "filter-app" 

    } 
     ,
    "p7" : {

        "title" : "Port title 7",
        "content" : "hey this is my first post" ,
        "image" : "img/portfolio/iphone.jpg",
        "link" : "#" ,
        "category" : "filter-app" 

    } 
     ,
    "p8" : {

        "title" : "Port title 8",
        "content" : "hey this is my first post" ,
        "image" : "img/portfolio/Lub-D-website-design-computer.jpg",
        "link" : "#" ,
        "category" : "filter-web" 

    } 
     ,
    "p9" : {

        "title" : "Port title 9",
        "content" : "hey this is my first post" ,
        "image" : "img/portfolio/Lub-D-website-design-mobile.jpg",
        "link" : "#" ,
        "category" : "filter-app" 

    } 
     ,
    "p10" : {

        "title" : "Port title 10",
        "content" : "hey this is my first post" ,
        "image" : "img/portfolio/Mirhi-laptop-website-design-macbook.jpg",
        "link" : "#" ,
        "category" : "filter-web" 

    } 

     ,
    "p11" : {

        "title" : "Port title 11",
        "content" : "hey this is my first post" ,
        "image" : "img/portfolio/Mirihi-website-design-ipad.jpg",
        "link" : "#" ,
        "category" : "filter-app" 

    } 
     ,
    "p12" : {

        "title" : "Port title 12",
        "content" : "hey this is my first post" ,
        "image" : "img/portfolio/MPG-website-design-macbook.jpg",
        "link" : "#" ,
        "category" : "filter-web" 

    } 

     ,
    "p13" : {

        "title" : "Port title 13",
        "content" : "hey this is my first post" ,
        "image" : "img/portfolio/PIA-Interior-website-design-iphone.jpg",
        "link" : "#" ,
        "category" : "filter-app" 

    } 
     ,
    "p14" : {

        "title" : "Port title 14",
        "content" : "hey this is my first post" ,
        "image" : "img/portfolio/PIA-Interior-website-design-tablette.jpg",
        "link" : "#" ,
        "category" : "filter-app" 

    } 
     ,
    "p15" : {

        "title" : "Port title 15",
        "content" : "hey this is my first post" ,
        "image" : "img/portfolio/portfolio-1.jpg",
        "link" : "#" ,
        "category" : "filter-design" 

    } 
     ,
    "p16" : {

        "title" : "Port title 16",
        "content" : "hey this is my first post" ,
        "image" : "img/portfolio/portfolio-2.jpg",
        "link" : "#" ,
        "category" : "filter-design" 

    } 
     ,
    "p17" : {

        "title" : "Port title 17",
        "content" : "hey this is my first post" ,
        "image" : "img/portfolio/portfolio-3.jpg",
        "link" : "#" ,
        "category" : "filter-design" 

    } 

     ,
    "p18" : {

        "title" : "Port title 18",
        "content" : "hey this is my first post" ,
        "image" : "img/portfolio/portfolio-4.jpg",
        "link" : "#" ,
        "category" : "filter-design" 

    } 
     ,
    "p19" : {

        "title" : "Port title 19",
        "content" : "hey this is my first post" ,
        "image" : "img/portfolio/portfolio-5.jpg",
        "link" : "#" ,
        "category" : "filter-card" 

    } 
     ,
    "p20" : {

        "title" : "Port title 20",
        "content" : "hey this is my first post" ,
        "image" : "img/portfolio/portfolio-6.jpg",
        "link" : "#" ,
        "category" : "filter-card" 

    } 

     ,
    "p21" : {

        "title" : "Port title 21",
        "content" : "hey this is my first post" ,
        "image" : "img/portfolio/portfolio-7.jpg",
        "link" : "#" ,
        "category" : "filter-card" 

    } 
     ,
    "p22" : {

        "title" : "Port title 21",
        "content" : "hey this is my first post" ,
        "image" : "img/portfolio/portfolio-8.jpg",
        "link" : "#" ,
        "category" : "filter-card" 

    } 
     ,
    "p23" : {

        "title" : "Port title 21",
        "content" : "hey this is my first post" ,
        "image" : "img/portfolio/portfolio-9.jpg",
        "link" : "#" ,
        "category" : "filter-card" 

    } 
     ,
    "p24" : {

        "title" : "Port title 24",
        "content" : "hey this is my first post" ,
        "image" : "img/portfolio/portfolio-details-1.jpg",
        "link" : "#" ,
        "category" : "filter-card" 

    } 
     ,
    "p25" : {

        "title" : "Port title 25",
        "content" : "hey this is my first post" ,
        "image" : "img/portfolio/portfolio-details-2.jpg",
        "link" : "#" ,
        "category" : "filter-card" 

    } 

     ,
    "p26" : {

        "title" : "Port title 26",
        "content" : "hey this is my first post" ,
        "image" : "img/portfolio/portfolio-details-3.jpg",
        "link" : "#" ,
        "category" : "filter-card" 

    } 
     ,
    "p27" : {

        "title" : "Port title 27",
        "content" : "hey this is my first post" ,
        "image" : "img/portfolio/SJ-website-design-iphone.jpg",
        "link" : "#" ,
        "category" : "filter-app" 

    } 
     ,
    "p28" : {

        "title" : "Port title 28",
        "content" : "hey this is my first post" ,
        "image" : "img/portfolio/SJ-website-design-macbook.jpg",
        "link" : "#" ,
        "category" : "filter-web" 

    } 



}