{
    "p01" : {

        "title" : "5 เคล็ดลับก่อนทำการตลาดกับ Influencer",
        "content" : "ปัจจุบันมีการแข่งขันทางการตลาดที่สูงมากๆ โดยเจ้าของธุรก … 5 เคล็ดลับก่อนทำการตลาดกั..." ,
        "image" : "https://acm.co.th/wp-content/uploads/2022/05/LINE_ALBUM_2022.5.26_๒๒๐๕๒๗-300x300.jpg" ,
        "link" : "https://acm.co.th/5-%e0%b9%80%e0%b8%84%e0%b8%a5%e0%b9%87%e0%b8%94%e0%b8%a5%e0%b8%b1%e0%b8%9a%e0%b8%81%e0%b9%88%e0%b8%ad%e0%b8%99%e0%b8%97%e0%b8%b3%e0%b8%81%e0%b8%b2%e0%b8%a3%e0%b8%95%e0%b8%a5%e0%b8%b2%e0%b8%94%e0%b8%81/" 

    } ,
    "p02" : {

        "title" : "6 แพลตฟอร์มดังสำหรับแม่ค้าออนไลน์มือใหม่  ",
        "content" : "ขายสินค้าง่ายๆ….แค่ปลายนิ้ว สำหรับพ่อค้าแม่ค้ามือ … 6 แพลตฟอร์มดังสำหรับแม่ค้..." ,
        "image" : "https://acm.co.th/wp-content/uploads/2022/05/LINE_ALBUM_2022.5.24_๒๒๐๕๒๔_5-300x200.jpg" ,
        "link" : "https://acm.co.th/6-%e0%b9%81%e0%b8%9e%e0%b8%a5%e0%b8%95%e0%b8%9f%e0%b8%ad%e0%b8%a3%e0%b9%8c%e0%b8%a1%e0%b8%94%e0%b8%b1%e0%b8%87%e0%b8%aa%e0%b8%b3%e0%b8%ab%e0%b8%a3%e0%b8%b1%e0%b8%9a%e0%b9%81%e0%b8%a1%e0%b9%88%e0%b8%84/" 

    },
 
    "p03" : {

        "title" : "WhatsApp เปิดตัว Cloud API",
        "content" : "WhatsApp คือแพลตฟอร์มยักษ์ที่เข้ามามีบทบาทสำคัญในวงการแ … WhatsApp เปิดตัว Cloud AP..." ,
        "image" : "https://acm.co.th/wp-content/uploads/2022/05/LINE_ALBUM_2022.5.21_๒๒๐๕๒๑-300x300.jpg" ,
        "link" : "https://acm.co.th/4-trick-%e0%b8%aa%e0%b8%b3%e0%b8%84%e0%b8%b1%e0%b8%8d%e0%b8%97%e0%b8%b3%e0%b8%81%e0%b8%b2%e0%b8%a3%e0%b8%95%e0%b8%a5%e0%b8%b2%e0%b8%94%e0%b8%9a%e0%b8%99-tiktok/" 

    },



    "p04" : {

        "title" : "4 Trick สำคัญทำการตลาดบน Tiktok",
        "content" : "Tiktok เป็นอีกหนึ่งแพลตฟอร์มที่กำลังโด่งดังอย่างมากบนโล … 4 Trick สำคัญทำการตลาดบน ..." ,
        "image" : "https://acm.co.th/wp-content/uploads/2022/05/แก้ไข-150x150.jpg" ,
        "link" : "https://acm.co.th/4-trick-%e0%b8%aa%e0%b8%b3%e0%b8%84%e0%b8%b1%e0%b8%8d%e0%b8%97%e0%b8%b3%e0%b8%81%e0%b8%b2%e0%b8%a3%e0%b8%95%e0%b8%a5%e0%b8%b2%e0%b8%94%e0%b8%9a%e0%b8%99-tiktok/" 

    }



}