{
    "Walter White" : {

        "name" : "Walter White",
        "position" : "Chief Executive Officer" ,
        "descripiton" : "Explicabo voluptatem mollitia et repellat qui dolorum quasi" ,
        "photo" : "img/team/team-1.jpg" ,
        "linken" : "https://www.linkedin.com/" 

    },
    "Sarah Jhonson" : {

        "name" : "Sarah Jhonson",
        "position" : "Product Manager" ,
        "descripiton" : "Aut maiores voluptates amet et quis praesentium qui senda para" ,
        "photo" : "img/team/team-2.jpg" ,
        "linken" : "https://www.linkedin.com/" 

    },
  
    "William Anderson" : {

        "name" : "William Anderson",
        "position" : "CTO" ,
        "descripiton" : "Aut maiores voluptates amet et quis praesentium qui senda para" ,
        "photo" : "img/team/avatar.png" ,
        "linken" : "https://www.linkedin.com/" 

    },
    "William Anderson" : {

        "name" : "Mark Ruffalo",
        "position" : "Accountant" ,
        "descripiton" : "Aut maiores voluptates amet et quis praesentium qui senda para" ,
        "photo" : "img/team/avatar.png" ,
        "linken" : "https://www.linkedin.com/" 

    },
    "Mark Wahlberg" : {

        "name" : "Mark Wahlberg",
        "position" : "Developer" ,
        "descripiton" : "Aut maiores voluptates amet et quis praesentium qui senda para" ,
        "photo" : "img/team/avatar.png" ,
        "linken" : "https://www.linkedin.com/" 

    },
    "Margot Robbie " : {

        "name" : "Margot Robbie ",
        "position" : "Marketing" ,
        "descripiton" : "Aut maiores voluptates amet et quis praesentium qui senda para" ,
        "photo" : "img/team/avatar.png" ,
        "linken" : "https://www.linkedin.com/" 

    },
    "Elizabeth Olsen " : {

        "name" : "Elizabeth Olsen  ",
        "position" : "Graphic Design" ,
        "descripiton" : "Aut maiores voluptates amet et quis praesentium qui senda para" ,
        "photo" : "img/team/avatar.png" ,
        "linken" : "https://www.linkedin.com/" 

    },
    "Robert Downey Jr" : {

        "name" : "Robert Downey Jr",
        "position" : "Photo & Video" ,
        "descripiton" : "Aut maiores voluptates amet et quis praesentium qui senda para" ,
        "photo" : "img/team/avatar.png" ,
        "linken" : "https://www.linkedin.com/" 

    }
  
  
  
  
  


}